{
	"tags"      : {
		"allowUnknownTags" : true
	},
	"plugins"   : ["plugins/markdown"],
	"templates" : {
		"cleverLinks"           : false,
		"monospaceLinks"        : false,
		"dateFormat"            : "ddd MMM Do YYYY",
		"outputSourceFiles"     : true,
		"outputSourcePath"      : true,
		"systemName"            : "Dograce DBS SoSe 16",
		"footer"                : "",
		"copyright"             : "Kai R, Ferhat T, Jeannine D, Sebastian L",
		"navType"               : "vertical",
		"theme"                 : "cosmo",
		"linenums"              : true,
		"collapseSymbols"       : false,
		"inverseNav"            : true
	},
	"markdown"  : {
		"parser"   : "gfm",
		"hardwrap" : true
	}
}
